{
    "STAND STRAIGHT": 175.51249954115733,
    "GO INTO A DEEP SQUAT": 90.05639039701087
}